"","Df","SumOfSqs","R2","F","Pr(>F)"
"individual",1,38.3161684207238,0.151817442564149,5.87667233571363,0.001
"time",1,27.2548305819523,0.107989886437424,4.18015985149738,0.001
"individual:time",1,4.25091599005179,0.0168431035973748,0.651976474418791,0.84
"Residual",28,182.561261627663,0.723349567401052,NA,NA
"Total",31,252.383176620391,1,NA,NA
