"","Df","SumOfSqs","R2","F","Pr(>F)"
"individual",1,25.984603323745,0.229744163902392,3.23375035958015,0.007
"time",1,4.17880239928998,0.0369470894505007,0.520046567305873,0.886
"individual:time",1,2.58454902955553,0.022851418913806,0.321643792269874,0.991
"Residual",10,80.3543886644319,0.710457327733302,NA,NA
"Total",13,113.102343417022,1,NA,NA
