"","Df","SumOfSqs","R2","F","Pr(>F)"
"individual",1,38.3161684207238,0.15181744256415,5.87667233571364,0.001
"time",1,27.2548305819524,0.107989886437424,4.18015985149738,0.001
"individual:time",1,4.25091599005181,0.0168431035973749,0.651976474418793,0.84
"Residual",28,182.561261627663,0.723349567401052,NA,NA
"Total",31,252.383176620391,1,NA,NA
