"","Df","SumOfSqs","R2","F","Pr(>F)"
"individual",1,35.2502979338691,0.26737733052759,5.16166010279626,0.001
"time",1,2.43987043774821,0.0185066817222981,0.357267388722313,0.953
"individual:time",1,5.36677667504588,0.0407075827728755,0.785850862769184,0.566
"Residual",13,88.780327261775,0.673408404977237,NA,NA
"Total",16,131.837272308438,1,NA,NA
