"","Df","SumOfSqs","R2","F","Pr(>F)"
"individual",1,35.7007317724287,0.257470623816263,5.26172830649601,0.001
"condition",1,2.48267750118035,0.0179048577782141,0.365907751334946,0.981
"individual:condition",1,5.4862800453274,0.0395665824080408,0.80859168926496,0.576
"Residual",14,94.9897477976862,0.685057935997482,NA,NA
"Total",17,138.659437116623,1,NA,NA
