"","Df","SumOfSqs","R2","F","Pr(>F)"
"individual",1,21.9765356902414,0.182397219300346,2.80786863438285,0.003
"time",1,15.093652217518,0.125271800449616,1.92846557970786,0.029
"individual:time",1,5.14936440789402,0.0427378437804054,0.657917108125161,0.8
"Residual",10,78.2676775584686,0.649593136469633,NA,NA
"Total",13,120.487229874122,1,NA,NA
