"","Df","SumOfSqs","R2","F","Pr(>F)"
"individual",1,54.4655066908844,0.204141213533043,7.37872888065641,0.001
"condition",1,2.50493739962791,0.00938871207949177,0.339357054727709,0.999
"individual:condition",1,3.15284949311312,0.0118171400711282,0.42713311643698,0.984
"Residual",28,206.6797970234,0.774652934316338,NA,NA
"Total",31,266.803090607025,1,NA,NA
