"","Df","SumOfSqs","R2","F","Pr(>F)"
"individual",1,31.3896853478905,0.2441477637561,5.84924568622552,0.001
"time",1,14.3235122513432,0.111407726663738,2.669085125232,0.014
"individual:time",1,7.72489220293807,0.0600839140533471,1.43947898469869,0.153
"Residual",14,75.1303019986574,0.584360595526815,NA,NA
"Total",17,128.568391800829,1,NA,NA
