"","Df","SumOfSqs","R2","F","Pr(>F)"
"individual",1,25.8837252436656,0.263362685147844,3.86632023763981,0.003
"time",1,3.71632153642529,0.0378129658498539,0.555116739595826,0.849
"individual:time",1,1.73495926390216,0.0176529277011709,0.259155436489853,0.996
"Residual",10,66.9466667341199,0.681171421301132,NA,NA
"Total",13,98.2816727781129,1,NA,NA
