"","Df","SumOfSqs","R2","F","Pr(>F)"
"individual",1,23.4165046764984,0.19193722924948,3.98222705497267,0.001
"time",1,14.0724000419517,0.115346739842574,2.3931621285777,0.009
"individual:time",1,2.18839364952224,0.0179375282263205,0.372159744524305,0.993
"Residual",14,82.3235493469941,0.674778502681626,NA,NA
"Total",17,122.000847714967,1,NA,NA
