"","Df","SumOfSqs","R2","F","Pr(>F)"
"individual",1,20.7796931721406,0.188431156928143,3.54909154788215,0.001
"condition",1,9.84570536157576,0.0892812822925926,1.68160854889596,0.053
"individual:condition",1,3.53784668875702,0.0320813468742962,0.604250586221574,0.869
"Residual",13,76.1141288110829,0.690206213904968,NA,NA
"Total",16,110.277374033556,1,NA,NA
