,pvalues,corrected_pvalues
1st-2nd,0.49609375,0.49609375
2nd-3rd,0.12890625,0.193359375
3rd-4th,0.109375,0.193359375
