,pvalues,corrected_pvalues
1st-2nd,0.015625,0.046875
2nd-3rd,0.578125,0.578125
3rd-4th,0.15625,0.234375
