"","Df","SumOfSqs","R2","F","Pr(>F)"
"individual",1,35.2334506744332,0.162611183523907,6.0620115031925,0.001
"condition",1,18.9883772507851,0.0876361082676801,3.26700221289267,0.001
"individual:condition",1,5.52252665751512,0.0254878412029198,0.950165807882014,0.474
"Residual",27,156.928631314655,0.724264867005493,NA,NA
"Total",30,216.672985897389,1,NA,NA
