"","Df","SumOfSqs","R2","F","Pr(>F)"
"individual",1,52.1550371764257,0.215764094804234,7.77800630272258,0.001
"time",1,4.42896253079788,0.0183225081049585,0.660501848796283,0.754
"individual:time",1,4.09133715160367,0.0169257602879001,0.610150962870377,0.833
"Residual",27,181.047166710392,0.748987636802908,NA,NA
"Total",30,241.722503569219,1,NA,NA
